device_id,product_id,uid,uuid
eb7babbba7516b7e62nsfc,kb4sqsxzcbxwuzjw,az1702373998927SJXL0,jdws546d9919b4aec7da
eb7a969757a421fa02cx2f,lhqht0tdyddgccai,az1642224285665KZ8sq,jdwse1d63b161bf4f0b3
eb302c94259c50f798jqlc,lhqht0tdyddgccai,az1725025873531E8UUE,jdws9c94465202648a1e
ebe31aa761db99e667kt4k,u5z89earagxuhcec,az1706272496356XoA5w,fnk87d6200393b407ead
eb0873b7d52349b48dkzho,lhqht0tdyddgccai,az1726762032622DvYfE,jdws4f00e22d464b57e4
ebb02f63f895d56137i6a3,kqtnqxukbhet2pta,az1708831175583WU2eb,jdws8680e972574a87df
ebd6a5c8bf496557717rhf,kb4sqsxzcbxwuzjw,az1725613460638vkjNE,jdwsd85d0892bdc8d38d
eb8ebb90bc55069c7crbvp,kb4sqsxzcbxwuzjw,az1723788321070afBG8,jdws8213f7da44642d99
ebada2e1ebbe57a3basoez,lhqht0tdyddgccai,az1726743925468LH7Xy,jdws242d6f7370f178aa
ebf2fbd98e802c6ed7dagb,lhqht0tdyddgccai,az1726053498699v1sRM,jdws4ff3dba35ed608c2
eb7a205b1fc9c4fe99skbd,lhqht0tdyddgccai,az1717675771347cEiSk,jdws22e94926212f9f11
ebb94fb6bb9d8a5150rrag,lhqht0tdyddgccai,az1715485359059sUwBS,jdws2baf1ad19eea9ccb
eb1e38c1ed874009c5iirc,kqtnqxukbhet2pta,az1726389718101sWwKP,jdws15db19c8267d1097
eb98a759d4ecd1fc5e7cju,lhqht0tdyddgccai,az1693699854052DbcMn,jdws9a520032b7693a2b
eb6eeac94857382cc96sfg,kqtnqxukbhet2pta,az1726389718101sWwKP,jdwsecf0141834ce4580
eb53a0d788af5a6617aj27,lhqht0tdyddgccai,az1677375781259lVilA,jdwsc266319af8d066c0
eb38f7e26e2f93f7d86g2r,kb4sqsxzcbxwuzjw,az1719463490311GkFu4,jdws1120a55b3ff8d6e0
eb93e0f169fa2d3479nsia,u5z89earagxuhcec,az1690643312006c8uQo,fnk8bfe59f1f111e8792
ebfecfb4c319aeb0b36o36,u5z89earagxuhcec,az1690643312006c8uQo,fnk890aaccb3c35e6404
eb7032b5f70c8e9218ctdf,lhqht0tdyddgccai,az1726733541677UGHBK,jdws4da6fe33ffe5860a
eb24d73da4165c8f11a9zd,u5z89earagxuhcec,az1726732768109OKAVF,fnk8571551055ef5bab0
eb45af5ad7ef8d3f43hidx,lhqht0tdyddgccai,az1719731355779sg7WA,jdws1e34cc07562a5743
ebb05aa0a3087cc75bq811,lhqht0tdyddgccai,az16818117664754yqGl,jdwsf14190b5dad4ba55
ebfc8299a5a0d3d2e4qrnw,kqtnqxukbhet2pta,az1666674891090sOWLp,jdws108f77831fdea263
eb0c283ee3182bcfbefbve,kqtnqxukbhet2pta,az1666674891090sOWLp,jdws3b3b57bdb49734a4
eb71211574874cd05duuyh,u5z89earagxuhcec,az1709003045269PNi4o,fnk89f2de237c977f412
ebeea047970bf61177sl1v,lhqht0tdyddgccai,az1724418907925IXAoM,jdws25ebd26f79ca1552
eb79f744fd9c1ad28cquuy,lhqht0tdyddgccai,az17251787623084ABJZ,jdwsd2fa4dd0a68b3dd6
eb8fa8cfeb9452ddf5zzvu,lhqht0tdyddgccai,az1725610057029Oju54,jdwsdedfdd88bd4da59b
ebcf7007d1929a0d359elx,mio4mjjtqv3aiexo,az1700208655251kGvds,fnk8cd4cfaf067c56906
ebf970838c723440ea5uhn,lhqht0tdyddgccai,az1680582146657Uh7Eg,jdwsd331aee466046f1d
ebc205874561f231a8w9oq,u5z89earagxuhcec,az1714789955999A2kxv,fnk8f5631f41e64f5d95
ebebc4a15eeb8d73664rx9,u5z89earagxuhcec,az1714789955999A2kxv,fnk8fcaff4a1e8522182
ebc8b5e63b7d850dfeqnnj,lhqht0tdyddgccai,az1726644924453kiEMl,jdws4f93ec0b2ae12ca0
ebc37f620738c12f60y1b0,lhqht0tdyddgccai,az1725784769183NOlpD,jdws3b3b423dd0d370e6
eb5f22b432a5cd3f50vtba,u5z89earagxuhcec,az1672039874188icItv,fnk865526813815b1598
ebfb99303c48896355exrl,u5z89earagxuhcec,az1672039874188icItv,fnk8a5c49b12bbc58532
eba96a9b43bc51e3ce6v97,kqtnqxukbhet2pta,az1725719578587WDQej,jdws356eea49072258d2
ebd829b0cea280a57cutfh,lhqht0tdyddgccai,az17266383468553PY4K,jdws6ee9badb061a5dc0
eb1aab3abe76c59088dssw,kb4sqsxzcbxwuzjw,az1716976480587saNkh,jdwsa2b9e06742da893d
ebe76a6d3ca7aa12ec6vcn,kqtnqxukbhet2pta,az1726403488856ZjHEF,jdws7812006e918a2b93
eb1b2591fe89e9c2c2ryrl,u5z89earagxuhcec,az1726584675139PftV0,fnk81d76693a8473314b
eb826e1cb1ac836db018ne,kqtnqxukbhet2pta,az1726576012983AnxQf,jdws416bc3bd20bd8a18
eb25b61356917719dbklej,lhqht0tdyddgccai,az17260535934581Qjv7,jdws7b6e21fbd9774787
eb1d3ae2a2b372dd41ysbt,lhqht0tdyddgccai,az1704269156393qnLj8,jdws7e83898a344664c8
eb33714f60ff8857b6taf1,kb4sqsxzcbxwuzjw,az17008179722361j1HE,jdws33be1c9145942d0d
ebe7841a55801ebba67dte,u5z89earagxuhcec,az1720262718720jnALT,fnk8c2c35a01bebfc41c
ebbd6472f5765635e2eg8f,u5z89earagxuhcec,az1720262718720jnALT,fnk8a9179a3435451fb1
ebbb0f0cbc51569f98pnp0,u5z89earagxuhcec,az1726459581402YfK2B,fnk8e9c90e32ad55b38c
eb8e512351cac6bfb7ywpw,lhqht0tdyddgccai,az1701059665770NTh40,jdwscaea2c8b1c1521b3
ebc73e3c3cf0a91c58ydri,kqtnqxukbhet2pta,az1726459581402YfK2B,jdws75b1f39aa3ca8fb6
eb97ca8a7a593ac3e57st7,kqtnqxukbhet2pta,az1726459581402YfK2B,jdws12dcbca58796654b
ebf423acad99800200kglw,lhqht0tdyddgccai,az1723089824634A6Osz,jdws5fff25f8bc9f9db5
ebcfc1d9e422f8a8fden6m,lhqht0tdyddgccai,az1725253441871Jv0ot,jdwse268661e40c55687
eb1b68e380ca200c29vafd,u5z89earagxuhcec,az1701059665770NTh40,fnk8d9589c6fd0bf3eb6
ebf174ea4a77b3c696xseq,u5z89earagxuhcec,az1701059665770NTh40,fnk848a9d7c5e341dc44
eb07a4b2d6ece3cd23ckz0,lhqht0tdyddgccai,az1726505615389TmRa1,jdws5748dcc177d76276
eb215fc56ac1cb580dcdmy,u5z89earagxuhcec,az1725463572787icogj,fnk8278d1d1cdd848368
eb8141f004273cb5c4t1yp,lhqht0tdyddgccai,az17264992175663nQCA,jdws01b7646abc9a7c14
eb4603740a0b0fb1bbsi05,lhqht0tdyddgccai,az1723217140896KBnKn,jdwsde0f2b32f69ca401
ebd8a31b70817d791dg8v9,lhqht0tdyddgccai,az1694329450631C98Zf,jdws1c83853b52d0a9f9
eb5a88b5a55ffd383cdm7r,kqtnqxukbhet2pta,az1720801825719x8iGi,jdwsd401913264341443
eb4bbc8999995cb608izjb,lhqht0tdyddgccai,az1720801825719x8iGi,jdws1a95ac9f59f5f427
ebfdb0bef1a6f6e3ebdwni,lhqht0tdyddgccai,az1704189582939VblgE,jdws8bb0ba0427b973b4
ebd5268d97b537e642umnq,kqtnqxukbhet2pta,az1668770686400HVAF9,jdws18d561dc54c82ff3
ebb513252c2132bf6efdbj,lhqht0tdyddgccai,az1726488139699GWzMi,jdws3a2065dc386b2b9c
eb6f04c3b7018f4365vto0,kb4sqsxzcbxwuzjw,az1726484135763SJfep,jdws1b2866dda0ec2040
ebea95a13b448f3e75egms,lhqht0tdyddgccai,az1726484135763SJfep,jdwscd40139235c07356
eb711b05f75ef5313fmswr,kb4sqsxzcbxwuzjw,az1726104525266HQKwu,jdws1e85fbd6beb24f4e
ebcf14e40437d70d94afyy,lhqht0tdyddgccai,az1712321284770aGaKI,jdws1981d1d8ce943287
eb3258e0ca02c17ed4nvmk,kqtnqxukbhet2pta,az1726482014655SahlL,jdwsfcd7bbf0955ee6ae
eb9f9f6034d76d86e5zppx,u5z89earagxuhcec,az1724557813123incUW,fnk8af5f31fb445ca31e
ebbdf87c9bc68453476zoe,kqtnqxukbhet2pta,az1708743912827XCZnK,jdws5da3d9e4490f5bfd
eb7206ee0b06aa1cd8wyv7,lhqht0tdyddgccai,az17020053309085Hm6W,jdwsdf70f6a8df8fc9f6
eb51c764a4609abe53ea8s,kqtnqxukbhet2pta,az17112064219672c772,jdwsa5d0adfc242e5bd7
eb25095dbd51ab1e6aujlw,lhqht0tdyddgccai,az1725253441871Jv0ot,jdwsc809bedf933ad57c
eb0d3e5cc423c32a41llq9,u5z89earagxuhcec,az1686972033674b1COA,fnk894e9004fb6bae337
eb7252810faf2ded70kqe7,kqtnqxukbhet2pta,az1673239583496jwmPY,jdws0bd5dcb9137d7c3a
eb624470dc5524ecefzgdy,kqtnqxukbhet2pta,az1673239583496jwmPY,jdwsaf49a0cd46d98e8b
eb5500bc2b776c76abhuqa,u5z89earagxuhcec,az1686972033674b1COA,fnk8085a96c2ce17aaad
eb3b630c0fa509341fvkxf,lhqht0tdyddgccai,az1673239583496jwmPY,jdwsdaff866aff8498e4
ebfbd7450e7b54abd7wnpc,lhqht0tdyddgccai,az1673239583496jwmPY,jdws986172622b1961b2
ebf8efef4c8d0ffc1bq8bq,u5z89earagxuhcec,az16872809564741giov,fnk8c42c0165df14fea7
eba24097cb7e1e00556ely,u5z89earagxuhcec,az16872809564741giov,fnk86acc56894a085ef7
eb6eb53ff885a6dd5ehzg0,u5z89earagxuhcec,az1718462481426cHtW8,fnk81b3a336f20342654
eb23a86112c986bcd9f6ze,u5z89earagxuhcec,az1718462481426cHtW8,fnk84fa891f86afe03dd
ebf6005bd5ddcdc0cc4t14,kqtnqxukbhet2pta,az1726418621258zeY73,jdws721baf5c4ffb192f
ebf3ecd41d53d0c23fvyvz,u5z89earagxuhcec,az1701161581410p0OQo,fnk828386f99a88f235e
eb5f4523c571fe1e287qie,kqtnqxukbhet2pta,az1723790823537eI5iZ,jdws774f47e3bc3ff0ed
ebc04dcc4ac7373c94xfdw,kqtnqxukbhet2pta,az1723790823537eI5iZ,jdwsb1eead27d3cece31
eb1f56dc5c99c28c17tga8,u5z89earagxuhcec,az17263235406048QJGG,fnk819dad5f9da3f3d41
eb7903880df41692dfkvaw,lhqht0tdyddgccai,az1726407351799BRy6s,jdwsec0cdad96671efb8
eb14843edcefec48fekqfx,kqtnqxukbhet2pta,az17264052196567gp9g,jdws50d19c4f77997eb0
eb1a2219f348ce713d8eb9,kqtnqxukbhet2pta,az1690724988882AsQ9K,jdwsb897c19586824eb7
ebb8ccf441825651d6taef,kqtnqxukbhet2pta,az1726402042796wQOpS,jdwsf3f68e4f95fd603e
ebdeaef6d1a6688567qwfl,kqtnqxukbhet2pta,az1726309187705a12FK,jdws0a7fcb81262775e5
ebcb6d87dc01739f82xxih,kqtnqxukbhet2pta,az1726400319916s5T4H,jdwsb286cf03b0f9c4f3
eb994ecad5086ba51fwioa,u5z89earagxuhcec,az1696134047398qMvQi,fnk88fe7ab7fa6850188
eb8a6555be9fd69d9alwle,u5z89earagxuhcec,az1726233558448oZ8fC,fnk8f61d4f87af4aa551
eb0326d77f9e62a095ftpx,kb4sqsxzcbxwuzjw,az1726120563699xHq5C,jdwsa63d035aadfa42c3
eb38ff440cda0439683obr,u5z89earagxuhcec,az17263953687759gXne,fnk8374762df20d73e86
eb5efd63da2fb4ff62lwdt,u5z89earagxuhcec,az1726118117106HomVt,fnk85e429e3bc23f27c0
eb5b6fd5cc658cc52esqap,u5z89earagxuhcec,az1726389130664Cy6RX,fnk863d465ea7ac65092
ebbbd4d06e37910c90hijv,kqtnqxukbhet2pta,az1720880546651alGXy,jdwsa5ed9e34fc5568a3
eb34265240c3645dd6o30n,kqtnqxukbhet2pta,az1706159733026bDmW3,jdws3334df9e20d5cb4f
eb2407a4bf85e3e1cd4uad,kqtnqxukbhet2pta,az1716353345697dY5eq,jdws8a0a9502039ca828
ebeade72f845c2c111yfup,kqtnqxukbhet2pta,az1702032181858nP5AL,jdws9caa0eb7221ebe79
ebb0de320f6767d8b4ajdz,u5z89earagxuhcec,az17231244905446nMsy,fnk8f33a243fe7185000
eb951a625b6f445aa1fnhn,kqtnqxukbhet2pta,az16930397055190xQrT,jdws563671a5115b7344
ebe2122698e49ff6c2rhnu,kqtnqxukbhet2pta,az17258820450583V9eE,jdws87c22b27bb0c1181
eb77dbcb7912c2cf53guzt,kb4sqsxzcbxwuzjw,az1661780053032WYLs2,jdwsdfd34d6d0a99ec89
eb67fb0b4eef823132vzfn,u5z89earagxuhcec,az17263235406048QJGG,fnk818082cdff8a2e53d
eb39e43a5f8868fa16jgm1,lhqht0tdyddgccai,az16930397055190xQrT,jdws14da55432cc09614
ebea596b8088ff0c071auw,kqtnqxukbhet2pta,az16930397055190xQrT,jdws19026aa1c7503c38
ebfa200aa438c2c72cmzud,kqtnqxukbhet2pta,az1713860170536qe5iR,jdwse2e09c5c2f745e71
ebfed2b20cf5c2e7438ras,lhqht0tdyddgccai,az1723352150495uGAHg,jdwsd3ba29ce2d69bae9
eb00bb5df30d2342ecywbz,u5z89earagxuhcec,az1708150554280pQr5r,fnk8bd8b30017a8614bc
ebc478333ed252d902pfvy,lhqht0tdyddgccai,az1724842232604gXQcj,jdwsae4be68769e2d7d8
ebd1d70e8137fa1ab5csae,u5z89earagxuhcec,az1708150554280pQr5r,fnk8ec6c47f13105d17a
eb7520ab78bdbf4121uwso,kb4sqsxzcbxwuzjw,az1714470718339g8u2C,jdwsc0551105901c8de8
ebfe763066078be7bavy4d,u5z89earagxuhcec,az1702829408482TXdXu,fnk8ab54b1f68e62e483
eb852f8c6cc727e745khn5,kb4sqsxzcbxwuzjw,az1697183567073cvDYv,jdwsf4f09c2caba757e0
eb43b9ad697427df65etbr,kqtnqxukbhet2pta,az1685201411090LAGIv,jdws9348793b30da91ec
eb81d35d31a0415b62qozi,kb4sqsxzcbxwuzjw,az1697183567073cvDYv,jdws5e2c40ac500089e5
eb74cbe174414f3186bmuf,kqtnqxukbhet2pta,az1726303238899DvX3F,jdwse946c5bf3c5f0565
eb538c3d1f2e6e124a6sld,lhqht0tdyddgccai,az1726299790866M6MpR,jdws9024ffc31bf83e8c
eb447df128ee7fe47fxutp,lhqht0tdyddgccai,az1673757446249vBE9W,jdws14fceb7f7646da6c
eb8611e9d83f5adb5dswyg,kqtnqxukbhet2pta,az1702535205639lAqSK,jdwsf37ecbdd09efd57a
ebf7adf27d597ffb33gpie,kqtnqxukbhet2pta,az1702535205639lAqSK,jdws8c3e2a881521acc9
ebc402513253f44102k9wy,kqtnqxukbhet2pta,az1702535205639lAqSK,jdwsdc531444a5d17172
ebd1fc4c3ac3400959uatx,kqtnqxukbhet2pta,az1722676396769tISBI,jdws61117a00ce98adf4
eb4243370202e63a087dnh,kb4sqsxzcbxwuzjw,az1726237184002e3dJe,jdws7eb2bb7005401e0f
eb3257084d7650829f2b9r,kqtnqxukbhet2pta,az1725968035311PORY3,jdws624a7f041f3fde90
eb0a0f43491f5e2be37sbd,lhqht0tdyddgccai,az1673079416786XsbET,jdws90a666cd85b8a29b
eb38117907a36bee08r0zy,kqtnqxukbhet2pta,az1726239391556oatK5,jdws51f1e4c6ddeda427
eb5cc738ad75a5acf3vra5,kqtnqxukbhet2pta,az1726237184002e3dJe,jdws9c505d62bc541a69
eba122a4d95eb15a10lpcd,kqtnqxukbhet2pta,az1717844136850ElOJp,jdwsf93320e2340f1ae8
eba9de8aa81438fc48t84w,lhqht0tdyddgccai,az1705549138024DPLXE,jdwse6fd2197462839ea
eb9eb7f3fac4e52bdcn2ud,u5z89earagxuhcec,az1690704906159m3XEQ,fnk87fc9017c60154211
eb5965966aca251f05gf8e,u5z89earagxuhcec,az17169182269522JbMu,fnk8e22c70967d4056d1
eb95cb6ad9cf40bf48srko,kqtnqxukbhet2pta,az17094389087173IEAR,jdws3f52eafcabb4c844
eb3c0964ac00647886xoa1,kb4sqsxzcbxwuzjw,az17182752588414mzef,jdws05870c89c191311d
eb4ddce77c0da3e73bg2et,kb4sqsxzcbxwuzjw,az17182752588414mzef,jdwsa59e66bc48d6abde
ebe34e00e981ddd337thvk,u5z89earagxuhcec,az17062457680140Df1m,fnk895a2ac47c36c3b24
eb170140cf091ec94dwm26,kqtnqxukbhet2pta,az1707711970636nG0bj,jdwse213e85ad92991e8
eb65ba0a6e834ae336hj2s,u5z89earagxuhcec,az1688873721416cEi5y,fnk86872d5f674a120f7
eb9ba6f103c154eb40vp9t,u5z89earagxuhcec,az1698823446641kFA3W,fnk8881bbc3e15a5c184
eb9157663fd7149a7fclky,lhqht0tdyddgccai,az1661754136352dsQYS,jdws88d728b1f72fa6e8
eb3389b60f9025a8a43s3u,u5z89earagxuhcec,az1698823446641kFA3W,fnk8af78e46c9c5cbe18
ebbcc01818a27cc245pujv,kb4sqsxzcbxwuzjw,az1724406858933jcQnk,jdwse12d75d23965956f
eb01b1bdf26f39acc3ehhj,lhqht0tdyddgccai,az1726041636857RqqSO,jdws2dadf80c1e506dab
eb75f9fc8ae41053e7lwes,kqtnqxukbhet2pta,az1724406858933jcQnk,jdws43aaf90222641d4a
eb32ee27ece002f814nhzk,lhqht0tdyddgccai,az1707288942512qIyxk,jdws7576b10d21073cb0